{
  "1_0": {
    "X": [
      -0.17228836433487893,
      0.08807457534091101,
      -0.31771938753358686,
      -0.43031353820148555,
      -0.39947902793006507,
      -0.20644685197135848,
      -0.274501020066237,
      -0.30629579121375894,
      -0.09131243803056877,
      -0.375667030884578,
      -0.29285203078298805,
      -0.2671300899889575,
      -0.015250666764283771,
      -0.08866393380969106,
      0.23463389067618845
    ],
    "Y": [
      0.0004034504818264395,
      0.288377970457077,
      0.0005067524034529924,
      0.020645517855882645,
      0.1630820780992508,
      0.4445476233959198,
      0.0338209830224514,
      0.1746092587709427,
      0.7978028059005737,
      -0.00032863201340660453,
      0.19254170358181,
      0.08257679641246796,
      0.0021329098381102085,
      0.013222741894423962,
      0.6072919964790344
    ],
    "colors_S": [
      [
        1.0,
        0.32941176470588235,
        0.0,
        1.0
      ],
      [
        1.0,
        0.6666666666666666,
        0.0,
        1.0
      ],
      [
        0.996078431372549,
        1.0,
        0.0,
        1.0
      ],
      [
        0.6666666666666667,
        1.0,
        0.0,
        1.0
      ],
      [
        0.3294117647058824,
        1.0,
        0.0,
        1.0
      ],
      [
        1.0,
        0.32941176470588235,
        0.0,
        1.0
      ],
      [
        1.0,
        0.6666666666666666,
        0.0,
        1.0
      ],
      [
        0.996078431372549,
        1.0,
        0.0,
        1.0
      ],
      [
        0.6666666666666667,
        1.0,
        0.0,
        1.0
      ],
      [
        1.0,
        0.32941176470588235,
        0.0,
        1.0
      ],
      [
        1.0,
        0.6666666666666666,
        0.0,
        1.0
      ],
      [
        0.996078431372549,
        1.0,
        0.0,
        1.0
      ],
      [
        1.0,
        0.32941176470588235,
        0.0,
        1.0
      ],
      [
        1.0,
        0.6666666666666666,
        0.0,
        1.0
      ],
      [
        1.0,
        0.32941176470588235,
        0.0,
        1.0
      ],
      [
        0.0,
        0.0,
        0.0,
        0.0
      ],
      [
        0.0,
        0.0,
        0.0,
        0.0
      ],
      [
        0.0,
        0.0,
        0.0,
        0.0
      ],
      [
        0.0,
        0.0,
        0.0,
        0.0
      ],
      [
        0.0,
        0.0,
        0.0,
        0.0
      ],
      [
        0.0,
        0.0,
        0.0,
        0.0
      ],
      [
        0.0,
        0.0,
        0.0,
        0.0
      ],
      [
        0.0,
        0.0,
        0.0,
        0.0
      ],
      [
        0.0,
        0.0,
        0.0,
        0.0
      ]
    ],
    "colors_SE": [
      [
        0.5,
        0.0,
        0.0,
        1.0
      ],
      [
        1.0,
        0.5652173913043478,
        0.5652173913043478,
        1.0
      ],
      [
        0.5,
        0.0,
        0.0,
        1.0
      ],
      [
        0.9347826086956521,
        0.0,
        0.0,
        1.0
      ],
      [
        0.21739130434782605,
        0.21739130434782605,
        1.0,
        1.0
      ],
      [
        0.0,
        0.0,
        0.7869565217391304,
        1.0
      ],
      [
        0.9347826086956521,
        0.0,
        0.0,
        1.0
      ],
      [
        0.5652173913043479,
        0.5652173913043479,
        1.0,
        1.0
      ],
      [
        0.04347826086956519,
        0.04347826086956519,
        1.0,
        1.0
      ],
      [
        0.5,
        0.0,
        0.0,
        1.0
      ],
      [
        0.5652173913043479,
        0.5652173913043479,
        1.0,
        1.0
      ],
      [
        1.0,
        0.5652173913043478,
        0.5652173913043478,
        1.0
      ],
      [
        0.5,
        0.0,
        0.0,
        1.0
      ],
      [
        0.5869565217391304,
        0.0,
        0.0,
        1.0
      ],
      [
        0.0,
        0.0,
        0.3,
        1.0
      ],
      [
        0.0,
        0.0,
        0.0,
        0.0
      ],
      [
        0.0,
        0.0,
        0.0,
        0.0
      ],
      [
        0.0,
        0.0,
        0.0,
        0.0
      ],
      [
        0.0,
        0.0,
        0.0,
        0.0
      ],
      [
        0.0,
        0.0,
        0.0,
        0.0
      ],
      [
        0.0,
        0.0,
        0.0,
        0.0
      ],
      [
        0.0,
        0.0,
        0.0,
        0.0
      ],
      [
        0.0,
        0.0,
        0.0,
        0.0
      ],
      [
        0.0,
        0.0,
        0.0,
        0.0
      ]
    ],
    "Z_scaled": [
      0.007084618021265124,
      0.41333009767848083,
      0.018789279751973822,
      0.23818552877079308,
      0.6712022835863776,
      0.7995153838856561,
      0.24382802950165333,
      0.606704243344677,
      0.7106488596812152,
      0.014545626429521884,
      0.6233699270149123,
      0.38415121252232104,
      0.0,
      0.07675755931322467,
      1.0,
      0.0,
      0.0,
      0.0,
      0.0,
      0.0,
      0.0,
      0.0,
      0.0,
      0.0
    ],
    "Z_abs": [
      0.008337255160062937,
      0.1593699070893901,
      0.012688777059128192,
      0.09425521649525191,
      0.25524080792832415,
      0.3029446441207315,
      0.09635296746497117,
      0.23126193173216786,
      0.26990613048689727,
      0.011111085128378774,
      0.2374578465840815,
      0.14852187400064135,
      0.005703358412311226,
      0.03424003960438474,
      0.37748017684427615,
      0.0,
      0.0,
      0.0,
      0.0,
      0.0,
      0.0,
      0.0,
      0.0,
      0.0
    ]
  }
}